"Album Title","Song title","Primary artist",Featuring,Authors,Composer,Producer,"Singer Instagram Handle","Label Name","Lyrics Languages","Music Genre","Music Sub-Genre","Music Mood","Release date","All Music Streaming Store","YouTube Music","YouTube Content ID",Explicit,"Caller Tune","Caller Tune Name","Caller Tune Duration","Ask to generate an ISRC","ISRC Code",UPC/EAN,"Catalogue number","Upload Cover","Upload Song",Status
"Teri Hohabbat Ki Esitesi Gangstar Song ","Teri mohabbat ki esitesi gangstar song ","Singer Sonu Dholpur ","Dalveer Kushawah, Singer Sonu Dholpur ","Sonu Dholpur","Sonu Dholpur","Sonu Dholpur",https://www.instagram.com/invites/contact/?igsh=18c8tqh22boaq&utm_content=rd6wm9n,"[First Call Distribution India] Singer Sonu Dholpur",hindi,Folk,"Pop Rock",Sad,2025-01-01,Yes,Yes,Yes,Yes,Yes,"Teri mohabbat ki esitesi gangstar song",45,No,INF512500005,8903247557974,FCDI-AU-00001,uploads/cover_photos/01JGD88BY77KDTH8YE4104RK38.jpg,uploads/songs/01JGD88C6WGPREW4QSMBEQM9DT.mp3,Approved
"Naya Sal Me Ragad Dijiye","Naya Sal Me Ragad Dijiye","Chandan Singh",,"Rajkumar Bhojpuriya","Ashish Babu","Rajkumar Bhojpuriya",zestfilmsound,"ZestFilm Sound Private Limited",hindi,Bollywood,"Bollywood Classical",Happy,2024-12-31,Yes,Yes,Yes,No,Yes,"Naya Sal Me Ragad Dijiye",00.00,No,INF512500006,8903247557981,FCDI-AU-00002,uploads/cover_photos/01JGDDMYBX669QQ21YJCN39GSW.jpg,uploads/songs/01JGDDMZEKXJRK241CRET3B563.wav,Approved
"UP62 Jila Jaunpur Zestfilm Sound Pvt Ltd","UP62 Jila Jaunpur ","Ritik Mishra ","Dalveer Kushawah","Shubham Singh","Deepak Varma","Rajnish Raaza",zestfilmsound,"ZestFilm Sound Private Limited",hindi,Bollywood,"Bollywood Classical",Happy,2024-12-31,Yes,Yes,Yes,No,Yes,"Chhota Mota Mafiya, Jilawa Me Hamare Hi Namawa Brand H, Jila Jaunpur Ke Haee, Police Prasashan Se","00:22, 1:15, 1:40, 2:14",No,INF512500007,8903247557998,FCDI-AU-00003,uploads/cover_photos/01JGDRC9SXPHQBSDP6BC4YAVNP.jpg,uploads/songs/01JGDRCA5TMPC8DGQ74ZZ9A7XD.wav,Approved
"Mai Re Mai (Features Artist Kishan Nagina & Riya ) Zestfilm Sound Private Limited ","Mai Re Mai ( Features Artist Kishan Nagina & Riya ) Zestfilm Sound Private Limited ","Sunil Surila","Kishan , Nagina Sonkar , Riya ","Minu Madhosh","Ashish Babu","Rajnish Raaza",zestfilmsound,"ZestFilm Sound Private Limited",hindi,Classical,"Bollywood Classical",Relaxed,2025-01-01,Yes,Yes,Yes,No,Yes,"Babbu Aguaa Ke Dele Bhagai, Mai Re Mai, Sun Chadal Ba Holi Ham Kekara Se boli, Bhale Sapana Me Pari Awat, Bahe Bhaguni Bayar","00:20, 00:46, 1:41, 2:13, 3:10",No,INF512500018,8903247558100,FCDI-AU-00004,uploads/cover_photos/01JGGHGWS8SKMSPY3N95B1GWGH.jpg,uploads/songs/01JGJZQCP42CGSDES0ZJXYXRF2.mp3,Approved
"Janmdin Pawer Star Ke Zestfilm Sound Pvt Ltd ","Janmdin Pawer Star Ke Zestfilm Sound Pvt Ltd ","Vinay Tiwari ",,"Shubham Singh","Deepak Varma","Rajnish Raaza",singer_vnay_tiwari,"ZestFilm Sound Private Limited",hindi,Bollywood,"Bollywood Classical",Happy,2025-01-01,Yes,Yes,Yes,No,Yes,"Cake Katayie Sabake Batai, Sher Ke Sathe, Aara Ke Lal, Bade Special Kahe Na Hoi","0:20, 1:10, 2:17, 2:56",No,INF512500019,8903247558117,FCDI-AU-00005,uploads/cover_photos/01JGGRSACASJVV2T9TPBWKECH0.jpg,uploads/songs/01JGJZG8VA72CYM7MT0ZKXMBT4.wav,Approved
"Satguru Ravidass Dham Boota Mandi","Satguru Ravidass Dham Boota Mandi","Sonu Sunil Rattu","Dalveer Kushawah","Khusvinder Billa UK",KVS,"Rakesh Kumar Canady",https://www.instagram.com/sumitrarecords,"Mtrack Entertainment",punjabi,Devotional,"Bollywood Bhajan",Motivational,2025-01-01,Yes,Yes,Yes,No,Yes,"Suraj Nu fadna Ya Chand Utte Chadhna, Bhar Jehre Bharne Jindgi Ch Rang, Jittan De Nishan Sare, Roj Roj Rattu Kehra Likhe Taarik Nu, Billeya Kyon Daama Doll Kita Aiwen Mann, Dham Utte Jayi","0:48 - 01:12, 01:36 - 02:00, 02:24 - 02:48, 03:12 - 03:36, 04:00 - 04:22, 04:06 - 04:24",No,INF512500030,8903247558223,FCDI-AU-00011,uploads/cover_photos/01JGHG1EC0ND4W4RCKAFAJWHA5.jpg,uploads/songs/01JGK3X6QCH264BAEPDWYDTKMF.wav,Approved
"Bhargo Balam Tere Pive Te Mero","Bhargo Balam Tere Pive Te Mero New Rasiya","Shyamstudio ","MD Uvais Shaikh, Shyamstudio ",Shyamstudio,Shyamstudio,Shyamstudio,https://www.instagram.com/shyamstudio__official?igsh=MWs4ZWthOHV3OWI1ag==,"[Marshal Music Company] Shyam Studio",hindi,Folk,Rajasthani,Romantic,2025-01-02,Yes,Yes,Yes,Yes,Yes,"Bhargo Balam Tere Pive Te Mero New Rasiya",26,No,INF512500031,8903247558230,FCDI-AU-00012,uploads/cover_photos/01JGHXDK9ZF3QFXZM4G0Z1Q4JC.jpg,uploads/songs/01JGKGF0TNBW56F3KJ19YH16GK.wav,Approved
"Banda Jila Me Khilal Hamar Namva Zestfilm Sound Pvt Ltd ","Banda Jila Me Khilal Hamar Namva  Zestfilm Sound Pvt Ltd ","Anil Yadav Raj",,"Jagdish Sharma","Deepak Varma","Rajnish Raaza",anil_yadav_raj,"ZestFilm Sound Private Limited",hindi,Bollywood,"Bollywood Classical",Happy,2025-01-02,Yes,Yes,Yes,No,Yes,"Banda Jila Me Khilal Hamar Namva",00:00,No,INF512500020,8903247558124,FCDI-AU-00006,uploads/cover_photos/01JGJG88PYVED4AFFXK5Q8J31Z.jpg,uploads/songs/01JGJZNCNYMJTZ0FXGXH1F2DRF.wav,Approved
"Raja Shardi lage kap rahi Chhatiya ","Raja shardi lage kap rahi chhatiya ","Singer Dharma Kushwah , Editor Anil kushwah ","Editor Anil kushwah ","Editor Anil kushwah","Editor Anil kushwah","Editor Anil kushwah",https://www.instagram.com/editor_anil_kushwah_8966025974/profilecard/?igsh=MTVkbGZ4eWo3bmdwOA==,"Krishna Jaan Music",hindi,Pop,"Indie Pop",Romantic,2025-01-02,Yes,Yes,Yes,No,Yes,"Raja shardi lage kap rahi chhatiya",00:00:30,No,INF512500032,8903247558247,FCDI-AU-00012,uploads/cover_photos/01JGKZ60833072RFJ9ECWQWYD1.jpg,uploads/songs/01JGKZ60KGT6C2V0HCGVW65E87.wav,Approved
"Gori Tere Lugda Mein Moy Dubaile","Gori Tere Lugda Mein Moy Dubaile","Lokesh Kumar ",,"Hakim Dev Lapawali","Hakim Dev Lapawali","Hakim Dev Lapawali",hakim_dev_lapawali,"Hitesh Music Rasiya",hindi,Pop,"Bollywood Pop",Happy,2025-01-03,Yes,Yes,Yes,Yes,No,,,No,INF512500033,8903247558254,FCDI-AU-00013,uploads/cover_photos/01JGNJ7QV7ASWXJD9ZG9H8EHZC.jpg,uploads/songs/01JGNJ7R0ENK24ZRZ111VVD243.mp3,Approved
"Chahe Karle Jatan Hajar","Chahe Karle Jatan Hajar ","Singer kanhaiya lal kushwah ","Editor Anil kushwah ","Editor Anil kushwah","Editor Anil kushwah","Editor Anil kushwah",https://www.instagram.com/editor_anil_kushwah_8966025974/profilecard/?igsh=MTVkbGZ4eWo3bmdwOA==,"Krishna Jaan Music",hindi,Pop,"Indie Pop",Sad,2025-01-03,Yes,Yes,Yes,No,Yes,"Chahe karle jatan hajar",00:00:30,No,INF512500034,8903247558261,FCDI-AU-00014,uploads/cover_photos/01JGNK7KRRGD6JHET2457D5DJW.jpg,uploads/songs/01JGNK7MJPA9788Z9G0VYX3XW8.mp3,Approved
"Chahe Karle Jatan Hajar","Jabse Dekhi Tu Janu","Singer kanhaiya lal kushwah ","Editor Anil kushwah ","Editor Anil kushwah","Editor Anil kushwah","Editor Anil kushwah",https://www.instagram.com/editor_anil_kushwah_8966025974/profilecard/?igsh=MTVkbGZ4eWo3bmdwOA==,"Krishna Jaan Music",hindi,Pop,"Indie Pop",Sad,2025-01-03,Yes,Yes,Yes,No,Yes,"Jabse dekhi tu janu",00:00:25,No,INF512500035,8903247558261,FCDI-AU-00014,uploads/cover_photos/01JGNK7KRRGD6JHET2457D5DJW.jpg,uploads/songs/01JGNMDC34S4KBHCT2QT4VHKY8.mp3,Approved
"Chahe Karle Jatan Hajar","Dewar Soja Achak Bulaye Laungi","Singer kanhaiya lal kushwah ","Editor Anil kushwah ","Editor Anil kushwah","Editor Anil kushwah","Editor Anil kushwah",https://www.instagram.com/editor_anil_kushwah_8966025974/profilecard/?igsh=MTVkbGZ4eWo3bmdwOA==,"Krishna Jaan Music",hindi,Pop,"Indie Pop",Sad,2025-01-03,Yes,Yes,Yes,No,Yes,"Dewar soja achak bulaye laungi",00:00:35,No,INF512500036,8903247558261,FCDI-AU-00014,uploads/cover_photos/01JGNK7KRRGD6JHET2457D5DJW.jpg,uploads/songs/01JGNN91VEA0Y5Z1W3TF6D2XXV.mp3,Approved
"Chahe Karle Jatan Hajar","Moku Mile Khet Me Khoj","Singer kanhaiya lal kushwah ","Editor Anil kushwah ","Editor Anil kushwah","Editor Anil kushwah","Editor Anil kushwah",https://www.instagram.com/editor_anil_kushwah_8966025974/profilecard/?igsh=MTVkbGZ4eWo3bmdwOA==,"Krishna Jaan Music",hindi,Pop,"Indie Pop",Sad,2025-01-03,Yes,Yes,Yes,No,Yes,"Moku mile khet me khoj",00:00:35,No,INF512500037,8903247558261,FCDI-AU-00014,uploads/cover_photos/01JGNK7KRRGD6JHET2457D5DJW.jpg,uploads/songs/01JGNN93RQXE7Z0G7KT3TQ7R74.mp3,Approved
"Chahe Karle Jatan Hajar","Me Pyar Karu Sachho","Singer kanhaiya lal kushwah ","Editor Anil kushwah ","Editor Anil kushwah","Editor Anil kushwah","Editor Anil kushwah",https://www.instagram.com/editor_anil_kushwah_8966025974/profilecard/?igsh=MTVkbGZ4eWo3bmdwOA==,"Krishna Jaan Music",hindi,Pop,"Indie Pop",Sad,2025-01-03,Yes,Yes,Yes,No,Yes,"Me pyar karu sachho",00:00:30,No,INF512500038,8903247558261,FCDI-AU-00014,uploads/cover_photos/01JGNK7KRRGD6JHET2457D5DJW.jpg,uploads/songs/01JGNN96MPMXNM8NAJVHK3DVNW.mp3,Approved
"Chahe Karle Jatan Hajar","Ek Do Kodi Ki Chhori Ne","Singer kanhaiya lal kushwah ","Editor Anil kushwah ","Editor Anil kushwah","Editor Anil kushwah","Editor Anil kushwah",https://www.instagram.com/editor_anil_kushwah_8966025974/profilecard/?igsh=MTVkbGZ4eWo3bmdwOA==,"Krishna Jaan Music",hindi,Pop,"Indie Pop",Sad,2025-01-03,Yes,Yes,Yes,No,Yes,"Ek do kodi ki chhori ne",00:00:40,No,INF512500039,8903247558261,FCDI-AU-00014,uploads/cover_photos/01JGNK7KRRGD6JHET2457D5DJW.jpg,uploads/songs/01JGNT6W0868E1HDZ2N0TK2680.mp3,Approved
"Chahe Karle Jatan Hajar","Na Manu Chhori","Singer kanhaiya lal kushwah ","Editor Anil kushwah ","Editor Anil kushwah","Editor Anil kushwah","Editor Anil kushwah",https://www.instagram.com/editor_anil_kushwah_8966025974/profilecard/?igsh=MTVkbGZ4eWo3bmdwOA==,"Krishna Jaan Music",hindi,Pop,"Indie Pop",Sad,2025-01-03,Yes,Yes,Yes,No,Yes,"Na manu chhori",00:00:40,No,INF512500040,8903247558261,FCDI-AU-00014,uploads/cover_photos/01JGNK7KRRGD6JHET2457D5DJW.jpg,uploads/songs/01JGNN9C4Q5RC4P29HSAV5M6FY.mp3,Approved
"Chahe Karle Jatan Hajar","Chhori Mote Karle Pyar","Singer kanhaiya lal kushwah ","Editor Anil kushwah ","Editor Anil kushwah","Editor Anil kushwah","Editor Anil kushwah",https://www.instagram.com/editor_anil_kushwah_8966025974/profilecard/?igsh=MTVkbGZ4eWo3bmdwOA==,"Krishna Jaan Music",hindi,Pop,"Indie Pop",Sad,2025-01-03,Yes,Yes,Yes,No,Yes,"Chhori karle mote pyar",00:00:40,No,INF512500041,8903247558261,FCDI-AU-00014,uploads/cover_photos/01JGNK7KRRGD6JHET2457D5DJW.jpg,uploads/songs/01JGNN9FAQCYW49FBFS0644RHM.mp3,Approved
"Naye Sal Me Do Ek Chumma Zestfilm Sound Pvt Ltd ","Naye Sal Me Do Ek Chumma Zestfilm Sound Pvt Ltd ","Amarjeet Yadav",,"Amarjeet Yadav","Farhan Music","Rajnish Raaza",https://www.instagram.com/bundeli_singer_amarjeet_banda?igsh=Z3F4NmxlODdxZXEw,"ZestFilm Sound Private Limited",haryanvi,Bollywood,"Bollywood Classical",Happy,2025-01-03,Yes,Yes,Yes,No,Yes,"Maye Sal Me Do Ek Chumma",00:00,No,INF512500042,8903247558278,FCDI-AU-00015,uploads/cover_photos/01JGNSSFNC9QJ708VZVQE8ZHGC.jpg,uploads/songs/01JGNSSFSPSHZH4V8F3PXJ7VHB.wav,Approved
"Teri Rani Femas Insta Pe","Teri Rani Femas Insta Pe ","Singer Yuvanshi Maurya ",,"Jogendra Singh","Singer Yuvanshi Maurya","Jogendra Singh","Singer Yuvanshi","Yuvanshi Maurya",hindi,Pop,"Pop Rock",Happy,2025-01-01,Yes,Yes,Yes,No,Yes,"Yuvanshi Maurya",00,No,INF512500043,8903247558285,FCDI-AU-00016,uploads/cover_photos/01JGR92R7ABTM9GM5MWX1JZGSJ.jpg,uploads/songs/01JGNY1JY2H5HYWNP012CBEPQH.mp3,Approved
"Chhore Dekhke Sheeti Mare","Chhore dekh ke Sheeti Mare ","Singer Yuvanshi Maurya ","Singer Yuvanshi Maurya ","Jogendra Singh","Yuvanshi Maurya","Jogendra Singh","Singer Yuvanshi","Yuvanshi Maurya",hindi,Pop,"Pop Rock",Happy,2025-01-01,Yes,Yes,Yes,No,No,,,No,INF512500044,8903247558292,FCDI-AU-00017,uploads/cover_photos/01JGR9JEFPTX2N8PGPGKTKDEFJ.jpg,uploads/songs/01JGP6ZJ0D7KA7MFDJ5DDK8ESY.mp3,Approved
"Ek Dina Ki Teri Mohabbat","Ek Dina Ki Teri Mohabbat","Singer Pradeep Kushwah ","Editor Anil kushwah ","Editor Anil kushwah","Editor Anil kushwah","Editor Anil kushwah",https://www.instagram.com/editor_anil_kushwah_8966025974/profilecard/?igsh=MTVkbGZ4eWo3bmdwOA==,"Krishna Jaan Music",hindi,Pop,"Indie Pop",Sad,2025-01-03,Yes,Yes,Yes,No,Yes,"Ek dina ki teri mohabbat",00:00:35,No,INF512500045,8903247558308,FCDI-AU-00018,uploads/cover_photos/01JGPFNPN7SPFQNMYS0BKCY87A.jpg,uploads/songs/01JGPFNPW8XTZ5KM2TTCPJXA30.wav,Approved
"Kanha Ko Janmdin Aayo Hai ","Kanha ko janmdin aayo hai ","Singer Bhuri Singh Kushwah , Editor Anil kushwah ","Editor Anil kushwah ","Editor Anil kushwah","Editor Anil kushwah","Editor Anil kushwah",https://www.instagram.com/editor_anil_kushwah_8966025974/profilecard/?igsh=MTVkbGZ4eWo3bmdwOA==,"Krishna Jaan Music",hindi,Pop,"Indie Pop",Happy,2025-01-03,Yes,Yes,Yes,No,Yes,"Kanha Ko janm din aayo hai",00:00:30,No,INF512500046,8903247558315,FCDI-AU_00019,uploads/cover_photos/01JGPGSNQCKNE9NV1S4F2QS6T1.jpg,uploads/songs/01JGPGSNRDE3Y0RJWZ7S0DXGGC.mp3,Approved
"Bhabhi Chhalle Dar","Bhabhi Chhalle Dar ","Singer Sunena kushwah ","Editor Anil kushwah ","Editor Anil kushwah","Editor Anil kushwah","Editor Anil kushwah",https://www.instagram.com/editor_anil_kushwah_8966025974/profilecard/?igsh=MTVkbGZ4eWo3bmdwOA==,"Krishna Jaan Music",hindi,Pop,"Indie Pop",Happy,2025-01-04,Yes,Yes,Yes,No,Yes,"Bhabhi Chhalle Dar",00:00:15,No,INF512500047,8903247558322,FCDI-AU-00020,uploads/cover_photos/01JGR6K5MT9GNH76GMTMVNP4N7.jpg,uploads/songs/01JGR6K5RAJAY3MZYE1MAT6R35.wav,Approved
"Teri mohabbat ki esitesi gangstar song ","Teri mohabbat ki esitesi gangstar song ","Singer Sonu Dholpur ","Singer Sonu Dholpur ","Shivani studio bari","Shivani studio bari","Rl fauji and manish fauji",https://www.instagram.com/invites/contact/?igsh=18c8tqh22boaq&utm_content=rd6wm9n,"[First Call Distribution India] Singer Sonu Dholpur",hindi,Folk,Rajasthani,Sad,2025-01-06,Yes,Yes,Yes,Yes,Yes,"Teri mohabbat ki esitesi gangstar song",45,Yes,,No,No,uploads/cover_photos/01JGR9EKM38Y543YJGWHZD7GFR.jpg,uploads/songs/01JGR9EKS332ZGFSZ2EC95GQ3X.mp3,Pending
"Dekhle najar bharke dekhle ","Dekhle najar bharke dekhle ","Singer Sonu Dholpur ","Singer Sonu Dholpur ","Shivani studio bari","Shivani studio bari","Rl fauji and manish fauji",https://www.instagram.com/invites/contact/?igsh=18c8tqh22boaq&utm_content=rd6wm9n,"[First Call Distribution India] Singer Sonu Dholpur",hindi,Folk,Rajasthani,Sad,2025-01-07,Yes,Yes,Yes,Yes,Yes,"Dekhle naraj bharke dekhle",41,Yes,,No,No,uploads/cover_photos/01JGRAMXYD86ME5F209TN03RE5.jpg,uploads/songs/01JGRAMYCAAEH9AZSXGG36W0K0.mp3,Pending
"Anil Bhai Ki Bhayi Sagai","Anil Bhai Ki Bhayi Sagai ","Singer Sultan kushwah , Editor Anil kushwah ","Editor Anil kushwah ","Editor Anil kushwah","Editor Anil kushwah","Editor Anil kushwah",https://www.instagram.com/editor_anil_kushwah_8966025974/profilecard/?igsh=MTVkbGZ4eWo3bmdwOA==,"Krishna Jaan Music",hindi,Pop,"Indie Pop",Happy,2025-01-04,Yes,Yes,Yes,No,Yes,"K.K nibhayo 6 sal ko pyar, Jodi Tumhari Amar rahe, Dost Yar sab debe Badhai, He Heer Ranjhe Jesi Tumhari Jodi","00:01:12, 00:02:10, 00:03:06, 00:04:22",Yes,,,,uploads/cover_photos/01JGS23HSK1CPD3CY14TAAVP5E.jpg,uploads/songs/01JGS23JG25X3QJYM3A0WC062R.mp3,Pending
"Me Desi Chhora Gaman Ko","Me Desi Chhora Gaman Ko ","Singer Dharmendra Kushwah , Editor Anil kushwah ","Editor Anil kushwah ","Editor Anil kushwah","Editor Anil kushwah","Editor Anil kushwah",https://www.instagram.com/editor_anil_kushwah_8966025974/profilecard/?igsh=MTVkbGZ4eWo3bmdwOA==,"Krishna Jaan Music",hindi,Pop,"Indie Pop",Happy,2025-01-04,Yes,Yes,Yes,No,Yes,"Me Desi Chhora Gaman Ko",00:00:20,Yes,,,,uploads/cover_photos/01JGS2KZHB7EJJ5ZAGKBC4XWT7.jpg,uploads/songs/01JGS2M02214MGZGMMT8RYY4ET.wav,Pending
"Jila Murena ke Chhora ko","Jila Murena ke Chhora ko ","Singer Lalu Bhai , Editor Anil kushwah ","Editor Anil kushwah ","Editor Anil kushwah","Editor Anil kushwah","Editor Anil kushwah",https://www.instagram.com/editor_anil_kushwah_8966025974/profilecard/?igsh=MTVkbGZ4eWo3bmdwOA==,"Krishna Jaan Music",hindi,Pop,"Indie Pop",Sad,2025-01-04,Yes,Yes,Yes,No,Yes,"Jila Murena ke Chhora ko",00:00:20,Yes,,,,uploads/cover_photos/01JGS32VE5GCYRNKDB30XVYTHQ.jpg,uploads/songs/01JGS32VJAHZ38NCAJJGCN3CEP.wav,Pending
"Sautan 3 are bawadi","Sautan 3 are bawadi ","Singer Shri Bhagwan Baghel ","Singer Shri Bhagwan Baghel ","Narendra Nishad","Banti Rajasthani","Kalyan bhai",https://www.instagram.com/singer_shribhagwan_baghel/profilecard/?igsh=bXhiZ3Q0NTQ0NHkz,"Brothers Music",hindi,Bollywood,"Bollywood Pop",Sad,2025-01-05,Yes,Yes,Yes,No,No,,,Yes,,,1,uploads/cover_photos/01JGTB0JCCQHT892K45ZPDY9PY.jpg,uploads/songs/01JGTB0JQK3M60EA9ZYW8SQ988.mp3,Pending
"Hamaro Jile Morena Me nam","Hamaro Jila Morena Me nam ","Singer Vipin Pandey , Editor Anil kushwah ","Editor Anil kushwah ","Editor Anil kushwah","Editor Anil kushwah","Editor Anil kushwah",https://www.instagram.com/editor_anil_kushwah_8966025974/profilecard/?igsh=MTVkbGZ4eWo3bmdwOA==,"Krishna Jaan Music",hindi,Pop,"Indie Pop",Happy,2025-01-05,Yes,Yes,Yes,No,Yes,"Hamaro Jila Morena Me nam",00:00:30,Yes,,,,uploads/cover_photos/01JGTCFERWJ74ZQ9ZPMBKNG4WD.jpg,uploads/songs/01JGTCFEW4BP8J5BPHQ16T0ACF.mp3,Pending
"Ek Khas Jan Dukh De Gayi Re","Ek Khas Jan Dukh De Gayi Re ","Singer Ram Rawat, Editor Anil kushwah ","Editor Anil kushwah ","Editor Anil kushwah","Editor Anil kushwah","Editor Anil kushwah",https://www.instagram.com/editor_anil_kushwah_8966025974/profilecard/?igsh=MTVkbGZ4eWo3bmdwOA==,"Krishna Jaan Music",hindi,Pop,"Indie Pop",Sad,2025-01-05,Yes,Yes,Yes,No,No,,,Yes,,,,uploads/cover_photos/01JGTET501RV80RQNE1C9SCGAV.jpg,uploads/songs/01JGTET504GK3VH25A9F740ACJ.mp3,Pending
"Ek Khas Jan Dukh De Gayi Re","Chhallo Teri sut ","Singer Ram Rawat, Editor Anil kushwah ","Editor Anil kushwah ","Editor Anil kushwah","Editor Anil kushwah","Editor Anil kushwah",https://www.instagram.com/editor_anil_kushwah_8966025974/profilecard/?igsh=MTVkbGZ4eWo3bmdwOA==,"Krishna Jaan Music",hindi,Pop,"Indie Pop",Sad,2025-01-05,Yes,Yes,Yes,No,No,,,Yes,,,,uploads/cover_photos/01JGTET501RV80RQNE1C9SCGAV.jpg,uploads/songs/01JGTET79M9J1B3DKNFRG3Y9A0.mp3,Pending
"Ek Khas Jan Dukh De Gayi Re","Lut gayi piya rat haveli","Singer Ram Rawat, Editor Anil kushwah ","Editor Anil kushwah ","Editor Anil kushwah","Editor Anil kushwah","Editor Anil kushwah",https://www.instagram.com/editor_anil_kushwah_8966025974/profilecard/?igsh=MTVkbGZ4eWo3bmdwOA==,"Krishna Jaan Music",hindi,Pop,"Indie Pop",Sad,2025-01-05,Yes,Yes,Yes,No,No,,,Yes,,,,uploads/cover_photos/01JGTET501RV80RQNE1C9SCGAV.jpg,uploads/songs/01JGTETAFMBTPTNXVH8YPJCWF2.mp3,Pending
"Ek Khas Jan Dukh De Gayi Re","Bhari biji batabe","Singer Ram Rawat, Editor Anil kushwah ","Editor Anil kushwah ","Editor Anil kushwah","Editor Anil kushwah","Editor Anil kushwah",https://www.instagram.com/editor_anil_kushwah_8966025974/profilecard/?igsh=MTVkbGZ4eWo3bmdwOA==,"Krishna Jaan Music",hindi,Pop,"Indie Pop",Sad,2025-01-05,Yes,Yes,Yes,No,No,,,Yes,,,,uploads/cover_photos/01JGTET501RV80RQNE1C9SCGAV.jpg,uploads/songs/01JGTETCVMDEH0FEFDFZ2ZWE6B.mp3,Pending
"Ek Khas Jan Dukh De Gayi Re","Jwani Bhade pe ","Singer Ram Rawat, Editor Anil kushwah ","Editor Anil kushwah ","Editor Anil kushwah","Editor Anil kushwah","Editor Anil kushwah",https://www.instagram.com/editor_anil_kushwah_8966025974/profilecard/?igsh=MTVkbGZ4eWo3bmdwOA==,"Krishna Jaan Music",hindi,Pop,"Indie Pop",Sad,2025-01-05,Yes,Yes,Yes,No,No,,,Yes,,,,uploads/cover_photos/01JGTET501RV80RQNE1C9SCGAV.jpg,uploads/songs/01JGTETG1M24M6DBA7ZNJQ4CTJ.mp3,Pending
"Ek Khas Jan Dukh De Gayi Re","Chhora Aaja Mere gam","Singer Ram Rawat, Editor Anil kushwah ","Editor Anil kushwah ","Editor Anil kushwah","Editor Anil kushwah","Editor Anil kushwah",https://www.instagram.com/editor_anil_kushwah_8966025974/profilecard/?igsh=MTVkbGZ4eWo3bmdwOA==,"Krishna Jaan Music",hindi,Pop,"Indie Pop",Sad,2025-01-05,Yes,Yes,Yes,No,No,,,Yes,,,,uploads/cover_photos/01JGTET501RV80RQNE1C9SCGAV.jpg,uploads/songs/01JGTETKKM10BN7RVQNC7BZJJ2.mp3,Pending
"Ek Khas Jan Dukh De Gayi Re","Chhora Aiyo mere gam","Singer Ram Rawat, Editor Anil kushwah ","Editor Anil kushwah ","Editor Anil kushwah","Editor Anil kushwah","Editor Anil kushwah",https://www.instagram.com/editor_anil_kushwah_8966025974/profilecard/?igsh=MTVkbGZ4eWo3bmdwOA==,"Krishna Jaan Music",hindi,Pop,"Indie Pop",Sad,2025-01-05,Yes,Yes,Yes,No,No,,,Yes,,,,uploads/cover_photos/01JGTET501RV80RQNE1C9SCGAV.jpg,uploads/songs/01JGTETPBM4BCKFG2SCT3F7ZRG.mp3,Pending
"Ek Khas Jan Dukh De Gayi Re","Meri Rat Atariya aaja","Singer Ram Rawat, Editor Anil kushwah ","Editor Anil kushwah ","Editor Anil kushwah","Editor Anil kushwah","Editor Anil kushwah",https://www.instagram.com/editor_anil_kushwah_8966025974/profilecard/?igsh=MTVkbGZ4eWo3bmdwOA==,"Krishna Jaan Music",hindi,Pop,"Indie Pop",Sad,2025-01-05,Yes,Yes,Yes,No,No,,,Yes,,,,uploads/cover_photos/01JGTET501RV80RQNE1C9SCGAV.jpg,uploads/songs/01JGTETRXMGKCJG1MTVCE382C0.mp3,Pending
"Ek Khas Jan Dukh De Gayi Re","Hero raja rat","Singer Ram Rawat, Editor Anil kushwah ","Editor Anil kushwah ","Editor Anil kushwah","Editor Anil kushwah","Editor Anil kushwah",https://www.instagram.com/editor_anil_kushwah_8966025974/profilecard/?igsh=MTVkbGZ4eWo3bmdwOA==,"Krishna Jaan Music",hindi,Pop,"Indie Pop",Sad,2025-01-05,Yes,Yes,Yes,No,No,,,Yes,,,,uploads/cover_photos/01JGTET501RV80RQNE1C9SCGAV.jpg,uploads/songs/01JGTETW7NS5E3DX23MD71J8AG.mp3,Pending
"Kot kacheri thano","Kot kacheri thano","Singer Deva Meena , Editor Anil kushwah ","Editor Anil kushwah ","Editor Anil kushwah","Editor Anil kushwah","Editor Anil kushwah",https://www.instagram.com/editor_anil_kushwah_8966025974/profilecard/?igsh=MTVkbGZ4eWo3bmdwOA==,"Krishna Jaan Music",hindi,Pop,"Indie Pop",Sad,2025-01-05,Yes,Yes,Yes,No,No,,,Yes,,,,uploads/cover_photos/01JGTG1A64C2QC9MMHC9KDBRYW.jpg,uploads/songs/01JGTG1A677DKD41EE1S2QVWZ4.mp3,Pending
"Kot kacheri thano","Bheej gayo toliyo hamaro","Singer Deva Meena , Editor Anil kushwah ","Editor Anil kushwah ","Editor Anil kushwah","Editor Anil kushwah","Editor Anil kushwah",https://www.instagram.com/editor_anil_kushwah_8966025974/profilecard/?igsh=MTVkbGZ4eWo3bmdwOA==,"Krishna Jaan Music",hindi,Pop,"Indie Pop",Sad,2025-01-05,Yes,Yes,Yes,No,No,,,Yes,,,,uploads/cover_photos/01JGTG1A64C2QC9MMHC9KDBRYW.jpg,uploads/songs/01JGTG1D1M05FXAMRD9Y28X2ZN.mp3,Pending
"Kot kacheri thano","Tuto dil kam na aabe","Singer Deva Meena , Editor Anil kushwah ","Editor Anil kushwah ","Editor Anil kushwah","Editor Anil kushwah","Editor Anil kushwah",https://www.instagram.com/editor_anil_kushwah_8966025974/profilecard/?igsh=MTVkbGZ4eWo3bmdwOA==,"Krishna Jaan Music",hindi,Pop,"Indie Pop",Sad,2025-01-05,Yes,Yes,Yes,No,No,,,Yes,,,,uploads/cover_photos/01JGTG1A64C2QC9MMHC9KDBRYW.jpg,uploads/songs/01JGTG1FFMHTFDH12F2TB8FZKG.mp3,Pending
"Kot kacheri thano","Sun raja ho","Singer Deva Meena , Editor Anil kushwah ","Editor Anil kushwah ","Editor Anil kushwah","Editor Anil kushwah","Editor Anil kushwah",https://www.instagram.com/editor_anil_kushwah_8966025974/profilecard/?igsh=MTVkbGZ4eWo3bmdwOA==,"Krishna Jaan Music",hindi,Pop,"Indie Pop",Sad,2025-01-05,Yes,Yes,Yes,No,No,,,Yes,,,,uploads/cover_photos/01JGTG1A64C2QC9MMHC9KDBRYW.jpg,uploads/songs/01JGTG1J1M9ZA8Y6QVH2GMX9K8.mp3,Pending
"Kot kacheri thano","Din ugego","Singer Deva Meena , Editor Anil kushwah ","Editor Anil kushwah ","Editor Anil kushwah","Editor Anil kushwah","Editor Anil kushwah",https://www.instagram.com/editor_anil_kushwah_8966025974/profilecard/?igsh=MTVkbGZ4eWo3bmdwOA==,"Krishna Jaan Music",hindi,Pop,"Indie Pop",Sad,2025-01-05,Yes,Yes,Yes,No,No,,,Yes,,,,uploads/cover_photos/01JGTG1A64C2QC9MMHC9KDBRYW.jpg,uploads/songs/01JGTG1MHMKQ2EVQB2Z9Y7XPAA.mp3,Pending
"Kot kacheri thano","Sasure me yad aabe","Singer Deva Meena , Editor Anil kushwah ","Editor Anil kushwah ","Editor Anil kushwah","Editor Anil kushwah","Editor Anil kushwah",https://www.instagram.com/editor_anil_kushwah_8966025974/profilecard/?igsh=MTVkbGZ4eWo3bmdwOA==,"Krishna Jaan Music",hindi,Pop,"Indie Pop",Sad,2025-01-05,Yes,Yes,Yes,No,No,,,Yes,,,,uploads/cover_photos/01JGTG1A64C2QC9MMHC9KDBRYW.jpg,uploads/songs/01JGTG1Q7QV2YT6EEP6ZA2G5VJ.mp3,Pending
"Kot kacheri thano","Ud jaye dhajjiya","Singer Deva Meena , Editor Anil kushwah ","Editor Anil kushwah ","Editor Anil kushwah","Editor Anil kushwah","Editor Anil kushwah",https://www.instagram.com/editor_anil_kushwah_8966025974/profilecard/?igsh=MTVkbGZ4eWo3bmdwOA==,"Krishna Jaan Music",hindi,Pop,"Indie Pop",Sad,2025-01-05,Yes,Yes,Yes,No,No,,,Yes,,,,uploads/cover_photos/01JGTG1A64C2QC9MMHC9KDBRYW.jpg,uploads/songs/01JGTG1SDM736WJ9CRQW6ZM1BD.mp3,Pending
"Mat Dhook Hase Hur Pari","Mat Dhook Hase Hur pari","Singer Ranveer Gurjar , Editor Anil kushwah ","Editor Anil kushwah ","Editor Anil kushwah","Editor Anil kushwah","Editor Anil kushwah",https://www.instagram.com/editor_anil_kushwah_8966025974/profilecard/?igsh=MTVkbGZ4eWo3bmdwOA==,"Krishna Jaan Music",hindi,Pop,"Indie Pop",Sad,2025-01-05,Yes,Yes,Yes,No,No,,,Yes,,,,uploads/cover_photos/01JGTH3B4TZWEESSEMNGNDZFSF.jpg,uploads/songs/01JGTH3B4XD69T313799KSN741.mp3,Pending
"Mat Dhook Hase Hur Pari","Mene toite karo","Singer Ranveer Gurjar , Editor Anil kushwah ","Editor Anil kushwah ","Editor Anil kushwah","Editor Anil kushwah","Editor Anil kushwah",https://www.instagram.com/editor_anil_kushwah_8966025974/profilecard/?igsh=MTVkbGZ4eWo3bmdwOA==,"Krishna Jaan Music",hindi,Pop,"Indie Pop",Sad,2025-01-05,Yes,Yes,Yes,No,No,,,Yes,,,,uploads/cover_photos/01JGTH3B4TZWEESSEMNGNDZFSF.jpg,uploads/songs/01JGTH3DHMG2QXNCJKMA39NMYF.mp3,Pending
"Mat Dhook Hase Hur Pari","Mere baba patiya vale","Singer Ranveer Gurjar , Editor Anil kushwah ","Editor Anil kushwah ","Editor Anil kushwah","Editor Anil kushwah","Editor Anil kushwah",https://www.instagram.com/editor_anil_kushwah_8966025974/profilecard/?igsh=MTVkbGZ4eWo3bmdwOA==,"Krishna Jaan Music",hindi,Pop,"Indie Pop",Sad,2025-01-05,Yes,Yes,Yes,No,No,,,Yes,,,,uploads/cover_photos/01JGTH3B4TZWEESSEMNGNDZFSF.jpg,uploads/songs/01JGTH3G7MN4EXWTZPKM941G9Q.mp3,Pending
"Mat Dhook Hase Hur Pari","Raja na rahu tere sath","Singer Ranveer Gurjar , Editor Anil kushwah ","Editor Anil kushwah ","Editor Anil kushwah","Editor Anil kushwah","Editor Anil kushwah",https://www.instagram.com/editor_anil_kushwah_8966025974/profilecard/?igsh=MTVkbGZ4eWo3bmdwOA==,"Krishna Jaan Music",hindi,Pop,"Indie Pop",Sad,2025-01-05,Yes,Yes,Yes,No,No,,,Yes,,,,uploads/cover_photos/01JGTH3B4TZWEESSEMNGNDZFSF.jpg,uploads/songs/01JGTH3JZMXPA3ZD95TR606W1Y.mp3,Pending
"Mat Dhook Hase Hur Pari","Teri He jaye shadi o janu","Singer Ranveer Gurjar , Editor Anil kushwah ","Editor Anil kushwah ","Editor Anil kushwah","Editor Anil kushwah","Editor Anil kushwah",https://www.instagram.com/editor_anil_kushwah_8966025974/profilecard/?igsh=MTVkbGZ4eWo3bmdwOA==,"Krishna Jaan Music",hindi,Pop,"Indie Pop",Sad,2025-01-05,Yes,Yes,Yes,No,No,,,Yes,,,,uploads/cover_photos/01JGTH3B4TZWEESSEMNGNDZFSF.jpg,uploads/songs/01JGTH3NHMYTMD6ZKNADXF011W.mp3,Pending
"Mat Dhook Hase Hur Pari","Ek lal lagada vali","Singer Ranveer Gurjar , Editor Anil kushwah ","Editor Anil kushwah ","Editor Anil kushwah","Editor Anil kushwah","Editor Anil kushwah",https://www.instagram.com/editor_anil_kushwah_8966025974/profilecard/?igsh=MTVkbGZ4eWo3bmdwOA==,"Krishna Jaan Music",hindi,Pop,"Indie Pop",Sad,2025-01-05,Yes,Yes,Yes,No,No,,,Yes,,,,uploads/cover_photos/01JGTH3B4TZWEESSEMNGNDZFSF.jpg,uploads/songs/01JGTH3RSMS2W3F5322EMBN78A.mp3,Pending
"Mat Dhook Hase Hur Pari","Atta pe thadi nar","Singer Ranveer Gurjar , Editor Anil kushwah ","Editor Anil kushwah ","Editor Anil kushwah","Editor Anil kushwah","Editor Anil kushwah",https://www.instagram.com/editor_anil_kushwah_8966025974/profilecard/?igsh=MTVkbGZ4eWo3bmdwOA==,"Krishna Jaan Music",hindi,Pop,"Indie Pop",Sad,2025-01-05,Yes,Yes,Yes,No,No,,,Yes,,,,uploads/cover_photos/01JGTH3B4TZWEESSEMNGNDZFSF.jpg,uploads/songs/01JGTH3VNMY747BNTMYQ500Q4H.mp3,Pending
"Mat Dhook Hase Hur Pari","Gurjar ke karungi tere nam","Singer Ranveer Gurjar , Editor Anil kushwah ","Editor Anil kushwah ","Editor Anil kushwah","Editor Anil kushwah","Editor Anil kushwah",https://www.instagram.com/editor_anil_kushwah_8966025974/profilecard/?igsh=MTVkbGZ4eWo3bmdwOA==,"Krishna Jaan Music",hindi,Pop,"Indie Pop",Sad,2025-01-05,Yes,Yes,Yes,No,No,,,Yes,,,,uploads/cover_photos/01JGTH3B4TZWEESSEMNGNDZFSF.jpg,uploads/songs/01JGTH3XDM5WCCD6NQF2E9MTQ1.mp3,Pending
"Mat Dhook Hase Hur Pari","Hame Log Dekhake jalte hai ","Singer Ranveer Gurjar , Editor Anil kushwah ","Editor Anil kushwah ","Editor Anil kushwah","Editor Anil kushwah","Editor Anil kushwah",https://www.instagram.com/editor_anil_kushwah_8966025974/profilecard/?igsh=MTVkbGZ4eWo3bmdwOA==,"Krishna Jaan Music",hindi,Pop,"Indie Pop",Sad,2025-01-05,Yes,Yes,Yes,No,No,,,Yes,,,,uploads/cover_photos/01JGTH3B4TZWEESSEMNGNDZFSF.jpg,uploads/songs/01JGTH409MXZ38KSHDS49TTJSP.mp3,Pending
"Driver se vivah karaye meri mummy ","Driver se vivah karaye meri mummy ","Singer Sonu Kushwah , Singer Birendra Kushwah , Editor Anil kushwah ","Editor Anil kushwah ","Editor Anil kushwah","Editor Anil kushwah","Editor Anil kushwah",https://www.instagram.com/editor_anil_kushwah_8966025974/profilecard/?igsh=MTVkbGZ4eWo3bmdwOA==,"Krishna Jaan Music",hindi,Pop,"Indie Pop",Sad,2025-01-05,Yes,Yes,No,No,No,,,Yes,,,,uploads/cover_photos/01JGTHN9V2KMZJ24RPW59X227X.jpg,uploads/songs/01JGTHN9WRNZ2MEX7A3WNY4PRE.mp3,Pending
"Piya Hamari sunale Batari Sonothiya Enterprises ","Piya sunale Batari Sonothiya Enterprises ","Singer Sultan kushwah , Editor Anil kushwah ","Editor Anil kushwah ","Editor Anil kushwah","Editor Anil kushwah","Editor Anil kushwah",https://www.instagram.com/editor_anil_kushwah_8966025974/profilecard/?igsh=MTVkbGZ4eWo3bmdwOA==,"Krishna Jaan Music",hindi,Pop,"Indie Pop",Happy,2025-01-05,Yes,Yes,No,No,Yes,"Piya sunale Batari, Aagara shahar jana se, Unaki mashin ka kya kahana","00:00:50, 00:01:43, 00:02:50",Yes,,,,uploads/cover_photos/01JGTWFJS8TCBXJPQBNG7Z4CYW.jpg,uploads/songs/01JGTVP3CYQZM9X8Q59PAJDBB5.mp3,Pending
"Aagara me dekhi jabase Sonothiya Enterprises ","Aagara me dekhi jabase Sonothiya Enterprises ","Singer Sultan kushwah , Editor Anil kushwah ","Editor Anil kushwah ","Editor Anil kushwah","Editor Anil kushwah","Editor Anil kushwah",https://www.instagram.com/editor_anil_kushwah_8966025974/profilecard/?igsh=MTVkbGZ4eWo3bmdwOA==,"Krishna Jaan Music",hindi,Pop,"Indie Pop",Happy,2025-01-05,Yes,Yes,No,No,Yes,"Aagara me dekhi jabase ganna Jus mashin, Sukhsingh kushwah Sonothiya Company, Subah aagara jaiyo chhora Tu, Sultan kushwah ke sun kar gane","00:00:40, 00:01:18, 00:02:24, 00:03:30",Yes,,,,uploads/cover_photos/01JGTWDHPRFHKD8ZZ66HSKG2GJ.jpg,uploads/songs/01JGTWDJBMWBRTXZ0Y05P9G34A.mp3,Pending
"Tu Shahar Aagara jaiyo Sonothiya Enterprises ","Tu Shahar Aagara jaiyo Sonothiya Enterprises ","Singer Sultan kushwah , Editor Anil kushwah ","Editor Anil kushwah ","Editor Anil kushwah","Editor Anil kushwah","Editor Anil kushwah",https://www.instagram.com/editor_anil_kushwah_8966025974/profilecard/?igsh=MTVkbGZ4eWo3bmdwOA==,"Krishna Jaan Music",hindi,Pop,"Indie Pop",Happy,2025-01-05,Yes,Yes,No,No,Yes,"Tu Shahar Aagara jaiyo, Sukhsingh Bhaiya se miliyo, Dhola ne jab sun payi, Jaysingh ne kalam chalayi","00:00:18, 00:01:18, 00:02:18, 00:03:18",Yes,,,,uploads/cover_photos/01JGTWXP09X7VDV26A06DFZM7Q.jpg,uploads/songs/01JGTWXPCMTHCBB4DHVHRBZC5C.mp3,Pending
"Shahar Aagara Ghuman aayi Sonothiya Enterprises ","Shahar Aagara Ghuman aayi Sonothiya Enterprises ","Singer Sultan kushwah , Editor Anil kushwah ","Editor Anil kushwah ","Editor Anil kushwah","Editor Anil kushwah","Editor Anil kushwah",https://www.instagram.com/editor_anil_kushwah_8966025974/profilecard/?igsh=MTVkbGZ4eWo3bmdwOA==,"Krishna Jaan Music",hindi,Pop,"Indie Pop",Happy,2025-01-05,Yes,Yes,No,No,Yes,"Shahar Aagara Ghuman aayi, He badi badi mashin banabe, Sabari mashin yaha se jabe","00:00:17, 00:01:20, 00:02:26",Yes,,,,uploads/cover_photos/01JGTX9P0EWQKHH08JYYTE4ZAC.jpg,uploads/songs/01JGTX9PCCZBF6B0M7RZBEFH1N.mp3,Pending
"Dil Tuto Pahli Baar","Dil Tuto Pahali Baar","nger Rahul Bhai ",,"First Call distribution indiya","Gaurav Chhela","Gaurav Chhela",Singer_lalu_bhai,"Singer Lalu Bhai",hindi,Folk,Hindustani,Sad,2025-01-06,Yes,Yes,Yes,Yes,Yes,"Dil Tuto Pahali Baar",0:23,Yes,,,,uploads/cover_photos/01JGV1QBNZ046J82TCTP1AJB84.jpg,uploads/songs/01JGV1QBS4YK7B4TK4Y7AZC7PD.mp3,Pending
"Ham Up Ke Shooter ","Ham Up Ke Shooter",bantirajasthani,bantirajasthani,"Banti Rajsthani","Banti Rajsthani","Shri Kishan",bantirajsthani07,"Sk Star Music",hindi,Folk,"Bollywood Folk",Happy,2025-05-01,Yes,Yes,Yes,No,Yes,.30,01.30,Yes,,,,uploads/cover_photos/01JGV945MBDQG5S29Y91MNB7JM.jpg,uploads/songs/01JGV97YSYRE6Q6KVV75N06ACK.mp3,Pending
"Babu Mile londiyabaj","Babu Mile Londiyabaj",,,"Rana Pratap","Sahdev Raja KMC","Ravindra Sagar",https://www.instagram.com/santosh_sain_jatara/profilecard/?igsh=aHdtamFzbjNlYXgx,"Krish Music Company",hindi,Indian,Romantic,Happy,2025-01-05,Yes,Yes,Yes,No,Yes,"Babu mile londiya baj",00:00:30,Yes,,,01,uploads/cover_photos/01JGVK7YJ52NK2MEKD6SN5VGHC.jpg,uploads/songs/01JGVK7YJ67TSPVX8YA85QGYCK.wav,Pending
"Kese Kate Jadkaro","Kese Kate Jadkaro","Nanna Bhaiya, Roshni Rajpoot",,"Rana Pratap","Sahdev Raja KMC","RANA PRATAP",https://www.instagram.com/nannabhaiya?igsh=MTl0dHJoOGt0bTN0eQ==,"Nanna Bhaiya Vlogs",hindi,Indian,Romantic,Sad,2025-01-06,Yes,Yes,Yes,No,No,,,Yes,,,,uploads/cover_photos/01JGX6N805NVAFRTM21ZE3MF3S.jpg,uploads/songs/01JGX6N806SNTHH6ZYST34XKSM.wav,Pending
"Kismatiye (Qishmatiye) Ke Dosh Naeikhe Sujeet Tiwari Zestfilm Sound Private Limited ","Kismatiye (Qishmatiye) Ke Dosh Naeikhe Sujeet Tiwari Zestfilm Sound Private Limited ","Sujeet Tiwari",,"A.R Vikky","Deepak Varma","Rajnish Raaza",https://www.instagram.com/tiwarisujeet7392/profilecard/?igsh=YTZjdGo4anZibzNn,"ZestFilm Sound Private Limited",hindi,Bollywood,"Bollywood Classical",Sad,2025-01-06,Yes,Yes,Yes,No,Yes,"Qishmatiye Ke Dosh, Gayielu Badanam Karke, Aawe Jab Yaad Roi, Kadh Ke Kareja Hamaar","1:15, 0:34, 2:01, 3:24",Yes,,,,uploads/cover_photos/01JGX7WSG268MAVB6XPN7P1FNR.jpg,uploads/songs/01JGX7WSG3ZTY7WPYYF1K9029R.mp3,Pending
